{
	"title": "Featured Stories",
	"content": [{
		"left": "<img src='https://farm4.staticflickr.com/3954/15756964002_43a8ff3768_m.jpg'/>",
		"right": "<p> Team of seven members who act as local OSM community in Bajrabarahi. <ol><li>Mr. Dhurba Prasad Bidari-Manager (Small Farmer Cooperative Pvt. Ltd.)</li><li>Mr. Rabindra Bidari-Accountant (Bajrabarahi Higher Secondary School)</li><li>Mr. Kabi luv Rai-Teacher (Sunaulo Secondary School)</li><li>Mr. Rajen Shrestha</li><li>Mr. Krishna Bhatt</li><li>Mr. Fanindra Subedi-Kiwi Enterpreneur</li><li>Mr. Aatma Ram Dahal-Teacher (Bajrabarahi Higher Secondary School)</li></ol></p>",
        "special_classes": "featured-story"
		
	}]
}